ahmed,1159282994,12345678,ahmed@gmail.com,Egypt,1,18,M,single,cairo,10.5,200,10,n,2022,10,single,cairo,10.5,200,10,n,2022,10
essam,1159282994,12345678,essam@gmail.com,Algeria,3,50,M,double,luxor,100.2,75.5,6,n,2022,150,double,luxor,100.2,75.5,6,n,2022,150
behiry,1159282994,12345678,behiry@gmail.com,Tunisia,4,40,M,double,easyyyyyy,100.3,76.5,5,n,2022,150,double,easyyyyyy,100.3,76.5,5,n,2022,150
azzouny,1159282994,12345678,azzouny@gmail.com,Owesna,5,30,M,single,cairo,10.5,200,10,n,2022,150,,,,,,,,
Sara,1159282994,12345678,Sara@gmail.com,France,6,28,F,double,luxor,100.2,75.5,6,n,2022,150,,,,,,,,
